{
  "appearance": {
    "color_theme": "_builtin_default",
    "page_type": "GERBER",
    "show_border_and_titleblock": false,
    "show_dcodes": false,
    "show_negative_objects": false
  },
  "color_picker": {
    "default_tab": 0
  },
  "cross_probing": {
    "auto_highlight": true,
    "center_on_items": true,
    "on_selection": true,
    "zoom_to_fit": true
  },
  "excellon_defaults": {
    "inch_integer_len": 2,
    "inch_mantissa_len": 4,
    "lz_format": true,
    "mm_integer_len": 3,
    "mm_mantissa_len": 3,
    "unit_mm": false
  },
  "find_replace": {
    "find_history": [],
    "find_string": "",
    "match_case": false,
    "match_mode": 0,
    "replace_history": [],
    "replace_string": "",
    "search_and_replace": false
  },
  "gerber_to_pcb_copperlayers_count": 2,
  "gerber_to_pcb_layers": [],
  "graphics": {
    "canvas_type": 1,
    "highlight_factor": 0.5,
    "select_factor": 0.75
  },
  "lib_tree": {
    "column_widths": null,
    "columns": []
  },
  "meta": {
    "version": 0
  },
  "printing": {
    "background": false,
    "color_theme": "",
    "layers": [],
    "monochrome": true,
    "scale": 1.0,
    "title_block": false,
    "use_theme": false
  },
  "system": {
    "drill_file_history": [],
    "file_history": [
      "/home/dmitryneuro/Documents/neurofeedback/agent/functions_calling/kicad/09_out.gbr"
    ],
    "first_run_shown": false,
    "job_file_history": [],
    "last_imperial_units": 0,
    "last_metric_units": 1,
    "max_undo_items": 0,
    "units": 1,
    "zip_file_history": []
  },
  "window": {
    "cursor": {
      "always_show_cursor": true,
      "fullscreen_cursor": false
    },
    "display": 0,
    "grid": {
      "axes_enabled": true,
      "fast_grid_1": 4,
      "fast_grid_2": 5,
      "last_size": 4,
      "line_width": 1.0,
      "min_spacing": 10.0,
      "show": true,
      "sizes": [
        "1000 mil",
        "500 mil",
        "250 mil",
        "200 mil",
        "100 mil",
        "50 mil",
        "25 mil",
        "20 mil",
        "10 mil",
        "5 mil",
        "2 mil",
        "1 mil",
        "5.0 mm",
        "2.5 mm",
        "1.0 mm",
        "0.5 mm",
        "0.25 mm",
        "0.2 mm",
        "0.1 mm",
        "0.05 mm",
        "0.025 mm",
        "0.01 mm"
      ],
      "snap": 0,
      "style": 0,
      "user_grid_x": "10 mil",
      "user_grid_y": "10 mil"
    },
    "maximized": true,
    "mru_path": "/home/dmitryneuro/Documents/neurofeedback/agent/functions_calling/kicad",
    "perspective": "layout2|name=MainToolbar;caption=;state=139632;dir=1;layer=6;row=0;pos=0;prop=100000;bestw=610;besth=38;minw=-1;minh=-1;maxw=-1;maxh=-1;floatx=-1;floaty=-1;floatw=-1;floath=-1|name=AuxToolbar;caption=;state=139644;dir=1;layer=4;row=0;pos=0;prop=100000;bestw=1159;besth=38;minw=-1;minh=-1;maxw=-1;maxh=-1;floatx=-1;floaty=-1;floatw=-1;floath=-1|name=MsgPanel;caption=;state=131452;dir=3;layer=6;row=0;pos=0;prop=100000;bestw=400;besth=36;minw=-1;minh=-1;maxw=-1;maxh=-1;floatx=-1;floaty=-1;floatw=-1;floath=-1|name=OptToolbar;caption=;state=139596;dir=4;layer=3;row=0;pos=0;prop=100000;bestw=34;besth=620;minw=-1;minh=-1;maxw=-1;maxh=-1;floatx=-1;floaty=-1;floatw=-1;floath=-1|name=LayersManager;caption=Layers Manager;state=1532;dir=2;layer=3;row=0;pos=0;prop=100000;bestw=249;besth=32;minw=249;minh=32;maxw=-1;maxh=-1;floatx=-1;floaty=-1;floatw=249;floath=32|name=DrawFrame;caption=;state=1020;dir=5;layer=0;row=0;pos=0;prop=100000;bestw=400;besth=191;minw=-1;minh=-1;maxw=-1;maxh=-1;floatx=-1;floaty=-1;floatw=-1;floath=-1|dock_size(1,6,0)=38|dock_size(1,4,0)=38|dock_size(3,6,0)=36|dock_size(4,3,0)=34|dock_size(2,3,0)=249|dock_size(5,0,0)=384|",
    "pos_x": 353,
    "pos_y": 196,
    "size_x": 1280,
    "size_y": 720,
    "zoom_factors": [
      0.022,
      0.035,
      0.05,
      0.08,
      0.13,
      0.22,
      0.35,
      0.6,
      1.0,
      2.2,
      3.5,
      5.0,
      8.0,
      13.0,
      22.0,
      35.0,
      50.0,
      80.0,
      130.0,
      220.0
    ]
  }
}
