{
    "packages": [
        {
            "current_version": "0.0",
            "install_timestamp": 1725289938,
            "package": {
                "author": {
                    "contact": {},
                    "name": ""
                },
                "description": "",
                "description_full": "",
                "identifier": "app.freerouting.kicad-plugin",
                "license": "",
                "name": "app_freerouting_kicad-plugin",
                "resources": {},
                "type": "invalid",
                "versions": [
                    {
                        "kicad_version": "7.0",
                        "status": "stable",
                        "version": "0.0"
                    }
                ]
            },
            "pinned": true,
            "repository_id": "",
            "repository_name": "<unknown>"
        },
        {
            "current_version": "0.0",
            "install_timestamp": 1725290226,
            "package": {
                "author": {
                    "contact": {},
                    "name": ""
                },
                "description": "",
                "description_full": "",
                "identifier": "com.github.MitjaNemec.PlaceFootprints",
                "license": "",
                "name": "com_github_MitjaNemec_PlaceFootprints",
                "resources": {},
                "type": "invalid",
                "versions": [
                    {
                        "kicad_version": "7.0",
                        "status": "stable",
                        "version": "0.0"
                    }
                ]
            },
            "pinned": true,
            "repository_id": "",
            "repository_name": "<unknown>"
        },
        {
            "current_version": "0.0",
            "install_timestamp": 1725302602,
            "package": {
                "author": {
                    "contact": {},
                    "name": ""
                },
                "description": "",
                "description_full": "",
                "identifier": "com.github.Steffen-W.impartGUI",
                "license": "",
                "name": "com_github_Steffen-W_impartGUI",
                "resources": {},
                "type": "invalid",
                "versions": [
                    {
                        "kicad_version": "7.0",
                        "status": "stable",
                        "version": "0.0"
                    }
                ]
            },
            "pinned": true,
            "repository_id": "",
            "repository_name": "<unknown>"
        },
        {
            "current_version": "0.0",
            "install_timestamp": 1725302603,
            "package": {
                "author": {
                    "contact": {},
                    "name": ""
                },
                "description": "",
                "description_full": "",
                "identifier": "com.github.adamws.kicad-git",
                "license": "",
                "name": "com_github_adamws_kicad-git",
                "resources": {},
                "type": "invalid",
                "versions": [
                    {
                        "kicad_version": "7.0",
                        "status": "stable",
                        "version": "0.0"
                    }
                ]
            },
            "pinned": true,
            "repository_id": "",
            "repository_name": "<unknown>"
        },
        {
            "current_version": "0.0",
            "install_timestamp": 1725290218,
            "package": {
                "author": {
                    "contact": {},
                    "name": ""
                },
                "description": "",
                "description_full": "",
                "identifier": "com.github.asukiaaa.gerber-to-order",
                "license": "",
                "name": "com_github_asukiaaa_gerber-to-order",
                "resources": {},
                "type": "invalid",
                "versions": [
                    {
                        "kicad_version": "7.0",
                        "status": "stable",
                        "version": "0.0"
                    }
                ]
            },
            "pinned": true,
            "repository_id": "",
            "repository_name": "<unknown>"
        },
        {
            "current_version": "0.0",
            "install_timestamp": 1725290223,
            "package": {
                "author": {
                    "contact": {},
                    "name": ""
                },
                "description": "",
                "description_full": "",
                "identifier": "com.github.bennymeg.JLC-Plugin-for-KiCad",
                "license": "",
                "name": "com_github_bennymeg_JLC-Plugin-for-KiCad",
                "resources": {},
                "type": "invalid",
                "versions": [
                    {
                        "kicad_version": "7.0",
                        "status": "stable",
                        "version": "0.0"
                    }
                ]
            },
            "pinned": true,
            "repository_id": "",
            "repository_name": "<unknown>"
        },
        {
            "current_version": "0.0",
            "install_timestamp": 1725290221,
            "package": {
                "author": {
                    "contact": {},
                    "name": ""
                },
                "description": "",
                "description_full": "",
                "identifier": "com.github.jsreynaud.kicad-action-scripts",
                "license": "",
                "name": "com_github_jsreynaud_kicad-action-scripts",
                "resources": {},
                "type": "invalid",
                "versions": [
                    {
                        "kicad_version": "7.0",
                        "status": "stable",
                        "version": "0.0"
                    }
                ]
            },
            "pinned": true,
            "repository_id": "",
            "repository_name": "<unknown>"
        },
        {
            "current_version": "0.0",
            "install_timestamp": 1725290217,
            "package": {
                "author": {
                    "contact": {},
                    "name": ""
                },
                "description": "",
                "description_full": "",
                "identifier": "com.github.pcbway.PCBWay-Fabrication-Toolkit-for-KiCad",
                "license": "",
                "name": "com_github_pcbway_PCBWay-Fabrication-Toolkit-for-KiCad",
                "resources": {},
                "type": "invalid",
                "versions": [
                    {
                        "kicad_version": "7.0",
                        "status": "stable",
                        "version": "0.0"
                    }
                ]
            },
            "pinned": true,
            "repository_id": "",
            "repository_name": "<unknown>"
        },
        {
            "current_version": "0.0",
            "install_timestamp": 1725290224,
            "package": {
                "author": {
                    "contact": {},
                    "name": ""
                },
                "description": "",
                "description_full": "",
                "identifier": "com.github.pcbway.PCBWay-Plug-in-for-Kicad",
                "license": "",
                "name": "com_github_pcbway_PCBWay-Plug-in-for-Kicad",
                "resources": {},
                "type": "invalid",
                "versions": [
                    {
                        "kicad_version": "7.0",
                        "status": "stable",
                        "version": "0.0"
                    }
                ]
            },
            "pinned": true,
            "repository_id": "",
            "repository_name": "<unknown>"
        },
        {
            "current_version": "0.0",
            "install_timestamp": 1725290215,
            "package": {
                "author": {
                    "contact": {},
                    "name": ""
                },
                "description": "",
                "description_full": "",
                "identifier": "de.markh.kivar",
                "license": "",
                "name": "de_markh_kivar",
                "resources": {},
                "type": "invalid",
                "versions": [
                    {
                        "kicad_version": "7.0",
                        "status": "stable",
                        "version": "0.0"
                    }
                ]
            },
            "pinned": true,
            "repository_id": "",
            "repository_name": "<unknown>"
        },
        {
            "current_version": "0.0",
            "install_timestamp": 1725290220,
            "package": {
                "author": {
                    "contact": {},
                    "name": ""
                },
                "description": "",
                "description_full": "",
                "identifier": "org.openscopeproject.TransformIt",
                "license": "",
                "name": "org_openscopeproject_TransformIt",
                "resources": {},
                "type": "invalid",
                "versions": [
                    {
                        "kicad_version": "7.0",
                        "status": "stable",
                        "version": "0.0"
                    }
                ]
            },
            "pinned": true,
            "repository_id": "",
            "repository_name": "<unknown>"
        }
    ]
}
