{
  "appearance": {
    "color_theme": "_builtin_default"
  },
  "color_picker": {
    "default_tab": 0
  },
  "cross_probing": {
    "auto_highlight": true,
    "center_on_items": true,
    "on_selection": true,
    "zoom_to_fit": true
  },
  "find_replace": {
    "find_history": [],
    "find_string": "",
    "match_case": false,
    "match_mode": 0,
    "replace_history": [],
    "replace_string": "",
    "search_and_replace": false
  },
  "graphics": {
    "canvas_type": 1,
    "highlight_factor": 0.5,
    "select_factor": 0.75
  },
  "lib_tree": {
    "column_widths": null,
    "columns": []
  },
  "meta": {
    "version": 0
  },
  "printing": {
    "background": false,
    "color_theme": "",
    "layers": [],
    "monochrome": true,
    "scale": 1.0,
    "title_block": false,
    "use_theme": false
  },
  "system": {
    "file_history": [],
    "first_run_shown": false,
    "last_imperial_units": 0,
    "last_metric_units": 1,
    "max_undo_items": 0,
    "units": 1
  },
  "window": {
    "cursor": {
      "always_show_cursor": true,
      "fullscreen_cursor": false
    },
    "display": 0,
    "grid": {
      "axes_enabled": false,
      "fast_grid_1": 4,
      "fast_grid_2": 5,
      "last_size": 4,
      "line_width": 1.0,
      "min_spacing": 10.0,
      "show": true,
      "sizes": [
        "1000 mil",
        "500 mil",
        "250 mil",
        "200 mil",
        "100 mil",
        "50 mil",
        "25 mil",
        "20 mil",
        "10 mil",
        "5 mil",
        "2 mil",
        "1 mil",
        "5.0 mm",
        "2.5 mm",
        "1.0 mm",
        "0.5 mm",
        "0.25 mm",
        "0.2 mm",
        "0.1 mm",
        "0.05 mm",
        "0.025 mm",
        "0.01 mm"
      ],
      "snap": 0,
      "style": 0,
      "user_grid_x": "10 mil",
      "user_grid_y": "10 mil"
    },
    "maximized": false,
    "mru_path": "",
    "perspective": "",
    "pos_x": 0,
    "pos_y": 0,
    "size_x": 0,
    "size_y": 0,
    "zoom_factors": []
  }
}
