{
  "appearance": {
    "color_theme": "_builtin_default"
  },
  "color_picker": {
    "default_tab": 0
  },
  "cross_probing": {
    "auto_highlight": true,
    "center_on_items": true,
    "on_selection": true,
    "zoom_to_fit": true
  },
  "defaults": {
    "line_width": 0,
    "pin_length": 100,
    "pin_name_size": 50,
    "pin_num_size": 50,
    "text_size": 50
  },
  "edit_symbol_visible_columns": "0 1 2 3 4 5 6 7",
  "find_replace": {
    "find_history": [],
    "find_string": "",
    "match_case": false,
    "match_mode": 0,
    "replace_history": [],
    "replace_string": "",
    "search_and_replace": false
  },
  "graphics": {
    "canvas_type": 1,
    "highlight_factor": 0.5,
    "select_factor": 0.75
  },
  "lib_table_width": 250,
  "lib_tree": {
    "column_widths": null,
    "columns": []
  },
  "meta": {
    "version": 1
  },
  "pin_table_visible_columns": "0 1 2 3 4 5 9 10",
  "printing": {
    "background": false,
    "color_theme": "",
    "layers": [],
    "monochrome": true,
    "scale": 1.0,
    "title_block": false,
    "use_theme": false
  },
  "repeat": {
    "label_delta": 1,
    "pin_step": 100
  },
  "show_pin_electrical_type": true,
  "system": {
    "file_history": [],
    "first_run_shown": false,
    "last_imperial_units": 0,
    "last_metric_units": 1,
    "max_undo_items": 0,
    "units": 1
  },
  "use_eeschema_color_settings": true,
  "window": {
    "cursor": {
      "always_show_cursor": true,
      "fullscreen_cursor": false
    },
    "display": 0,
    "grid": {
      "axes_enabled": true,
      "fast_grid_1": 1,
      "fast_grid_2": 2,
      "last_size": 1,
      "line_width": 1.0,
      "min_spacing": 10.0,
      "show": true,
      "snap": 0,
      "style": 0,
      "user_grid_x": "10 mil",
      "user_grid_y": "10 mil"
    },
    "maximized": false,
    "mru_path": "",
    "perspective": "layout2|name=InfoBar;caption=;state=131454;dir=1;layer=1;row=0;pos=0;prop=100000;bestw=20;besth=30;minw=-1;minh=-1;maxw=-1;maxh=-1;floatx=-1;floaty=-1;floatw=-1;floath=-1|name=MainToolbar;caption=;state=139644;dir=1;layer=6;row=0;pos=0;prop=100000;bestw=903;besth=38;minw=-1;minh=-1;maxw=-1;maxh=-1;floatx=-1;floaty=-1;floatw=-1;floath=-1|name=MsgPanel;caption=;state=131452;dir=3;layer=6;row=0;pos=0;prop=100000;bestw=400;besth=36;minw=-1;minh=-1;maxw=-1;maxh=-1;floatx=-1;floaty=-1;floatw=-1;floath=-1|name=SymbolTree;caption=Libraries;state=2046;dir=4;layer=3;row=0;pos=0;prop=100000;bestw=250;besth=-1;minw=250;minh=-1;maxw=-1;maxh=-1;floatx=-1;floaty=-1;floatw=-1;floath=-1|name=OptToolbar;caption=;state=139596;dir=4;layer=2;row=0;pos=0;prop=100000;bestw=34;besth=241;minw=-1;minh=-1;maxw=-1;maxh=-1;floatx=-1;floaty=-1;floatw=-1;floath=-1|name=ToolsToolbar;caption=;state=139596;dir=2;layer=2;row=0;pos=0;prop=100000;bestw=34;besth=337;minw=-1;minh=-1;maxw=-1;maxh=-1;floatx=-1;floaty=-1;floatw=-1;floath=-1|name=DrawFrame;caption=;state=768;dir=5;layer=0;row=0;pos=0;prop=100000;bestw=400;besth=154;minw=-1;minh=-1;maxw=-1;maxh=-1;floatx=-1;floaty=-1;floatw=-1;floath=-1|dock_size(1,6,0)=38|dock_size(3,6,0)=36|dock_size(4,2,0)=34|dock_size(2,2,0)=34|dock_size(5,0,0)=384|",
    "pos_x": 353,
    "pos_y": 196,
    "size_x": 1280,
    "size_y": 720,
    "zoom_factors": [
      0.05,
      0.07,
      0.1,
      0.15,
      0.2,
      0.3,
      0.5,
      0.7,
      1.0,
      1.5,
      2.0,
      3.0,
      4.5,
      6.5,
      10.0,
      15.0,
      20.0,
      30.0,
      45.0,
      65.0,
      100.0
    ]
  }
}
